slot, dow, hour, int_demand, ext_demand
360, 1, 1, 34.7827, 0
361, 1, 2, 37.1684, 508.566
362, 1, 3, 43.6356, 581.1653
363, 1, 4, 52.8409, 572.6765
364, 1, 5, 62.1793, 734.9605
365, 1, 6, 68.1642, 775.0174
366, 1, 7, 58.4142, 917.0942
367, 1, 8, 65.5844, 823.2789
368, 1, 9, 45.7053, 924.2651
369, 1, 10, 43.6943, 920.7357
370, 1, 11, 39.1976, 938.1884
371, 1, 12, 28.6947, 896.168
372, 1, 13, 35.2184, 933.2296
373, 1, 14, 46.7085, 896.0538
374, 1, 15, 59.9453, 945.5922
375, 1, 16, 62.4545, 982.2691
376, 1, 17, 58.8306, 935.6681
377, 1, 18, 71.7805, 923.8585
378, 1, 19, 71.1388, 1012.7306
379, 1, 20, 63.7169, 926.0455
380, 1, 21, 58.1756, 945.8246
381, 1, 22, 48.5265, 931.6672
382, 1, 23, 46.6443, 796.3197
383, 2, 0, 42.9668, 758.365
384, 2, 1, 42.7592, 855.1301
385, 2, 2, 43.3901, 868.5757
386, 2, 3, 47.8056, 848.8021
387, 2, 4, 52.0734, 752.3263
388, 2, 5, 53.1494, 789.4674
389, 2, 6, 65.9644, 811.5255
390, 2, 7, 58.5165, 854.1189
391, 2, 8, 67.3748, 974.916
392, 2, 9, 77.0113, 975.2781
393, 2, 10, 56.6805, 1028.4547
394, 2, 11, 54.4913, 988.911
395, 2, 12, 53.6263, 1050.8726
396, 2, 13, 43.6401, 1036.4621
397, 2, 14, 39.3156, 978.5294
398, 2, 15, 50.3298, 893.306
399, 2, 16, 50.6545, 955.3634
400, 2, 17, 55.9755, 1057.0975
401, 2, 18, 65.6551, 1062.3706
402, 2, 19, 60.3814, 1002.1246
403, 2, 20, 56.4574, 888.1386
404, 2, 21, 50.1315, 946.6545
405, 2, 22, 48.198, 973.2767
406, 2, 23, 46.6595, 832.6125
407, 3, 0, 43.6212, 843.6364
408, 3, 1, 41.1107, 777.5983
409, 3, 2, 41.6687, 654.0364
410, 3, 3, 56.3198, 806.5757
411, 3, 4, 59.9808, 893.7481
412, 3, 5, 60.9138, 929.4319
413, 3, 6, 77.9363, 847.6987
414, 3, 7, 70.1164, 872.8751
415, 3, 8, 76.3564, 968.4325
416, 3, 9, 65.9137, 958.5276
417, 3, 10, 61.6011, 976.0839
418, 3, 11, 55.3327, 882.8828
419, 3, 12, 58.4505, 1024.1639
420, 3, 13, 59.5757, 892.1956
421, 3, 14, 67.0474, 999.7856
422, 3, 15, 66.9392, 937.3079
423, 3, 16, 70.2986, 945.3662
424, 3, 17, 65.0248, 961.3835
425, 3, 18, 67.8956, 953.5268
426, 3, 19, 64.1108, 1033.8452
427, 3, 20, 61.1169, 988.371
428, 3, 21, 49.6004, 995.1643
429, 3, 22, 55.2032, 855.9797
430, 3, 23, 49.9347, 922.8917
431, 4, 0, 54.2006, 793.0011
432, 4, 1, 53.1232, 804.0467
433, 4, 2, 55.4008, 701.0727
434, 4, 3, 52.5084, 808.2013
435, 4, 4, 60.4627, 815.0593
436, 4, 5, 60.364, 852.9319
437, 4, 6, 66.9331, 866.307
438, 4, 7, 60.7111, 912.4786
439, 4, 8, 65.0949, 1072.3523
440, 4, 9, 55.7059, 925.3487
441, 4, 10, 38.2171, 1087.4833
442, 4, 11, 39.0113, 994.8562
443, 4, 12, 30.0128, 1045.515
444, 4, 13, 39.9756, 1043.5785
445, 4, 14, 50.0926, 987.6702
446, 4, 15, 67.1833, 1029.1963
447, 4, 16, 75.5623, 1060.9983
448, 4, 17, 61.5739, 907.7564
449, 4, 18, 65.6802, 980.3926
450, 4, 19, 62.7085, 1012.4325
451, 4, 20, 67.0102, 884.8774
452, 4, 21, 61.8341, 919.8075
453, 4, 22, 57.6297, 900.4505
454, 4, 23, 56.2319, 894.4124
455, 5, 0, 55.0698, 777.1603
456, 5, 1, 52.9224, 782.0323
457, 5, 2, 56.0104, 814.8884
458, 5, 3, 65.4473, 856.2588
459, 5, 4, 61.1253, 824.788
460, 5, 5, 59.7652, 837.6226
461, 5, 6, 59.926, 762.4604
462, 5, 7, 54.1193, 899.4297
463, 5, 8, 61.0155, 865.0478
464, 5, 9, 57.9526, 907.7142
465, 5, 10, 53.6802, 980.253
466, 5, 11, 61.3739, 1019.2089
467, 5, 12, 57.8387, 993.4249
468, 5, 13, 59.1279, 957.9451
469, 5, 14, 61.1775, 1086.6894
470, 5, 15, 57.1618, 1003.9141
471, 5, 16, 68.293, 952.1921
472, 5, 17, 59.8601, 1028.5726
473, 5, 18, 62.8342, 994.168
474, 5, 19, 68.6378, 919.0303
475, 5, 20, 65.9629, 818.6363
476, 5, 21, 52.4709, 840.2971
477, 5, 22, 49.6573, 954.8015
478, 5, 23, 55.3288, 764.0625
479, 6, 0, 54.8593, 697.3148
480, 6, 1, 51.5604, 807.3816
481, 6, 2, 48.2988, 776.5777
482, 6, 3, 51.947, 706.1982
483, 6, 4, 53.0949, 774.9821
484, 6, 5, 54.7173, 755.9546
485, 6, 6, 58.5466, 854.5191
486, 6, 7, 67.4247, 939.0731
487, 6, 8, 53.1743, 947.7515
488, 6, 9, 38.1082, 946.2936
489, 6, 10, 30.3477, 970.1864
490, 6, 11, 18.2045, 941.9881
491, 6, 12, -0.7714, 1004.5667
492, 6, 13, 12.0602, 966.1371
493, 6, 14, 31.2672, 874.8321
494, 6, 15, 25.7534, 887.015
495, 6, 16, 30.2254, 909.0894
496, 6, 17, 44.8283, 1021.4484
497, 6, 18, 46.4207, 995.0775
498, 6, 19, 49.781, 993.3956
499, 6, 20, 53.3294, 890.0627
500, 6, 21, 51.4779, 862.9573
501, 6, 22, 46.335, 925.6148
502, 6, 23, 47.224, 863.9688
503, 7, 0, 52.746, 850.2526
504, 7, 1, 47.6097, 842.5479
505, 7, 2, 47.5468, 726.7585
506, 7, 3, 51.1571, 761.0232
507, 7, 4, 53.6305, 703.2925
508, 7, 5, 57.2613, 746.4197
509, 7, 6, 69.2114, 807.3585
510, 7, 7, 75.3069, 925.8624
511, 7, 8, 62.443, 966.8054
512, 7, 9, 36.4503, 894.9289
513, 7, 10, 31.094, 1001.8694
514, 7, 11, 15.9736, 971.6149
515, 7, 12, 3.3173, 929.7002
516, 7, 13, 18.4302, 998.5515
517, 7, 14, 34.5432, 975.2296
518, 7, 15, 43.2338, 1076.54
519, 7, 16, 59.5893, 983.0019
520, 7, 17, 47.3798, 1002.3788
521, 7, 18, 57.7477, 1037.8289
522, 7, 19, 53.6789, 948.485
523, 7, 20, 60.3657, 913.933
524, 7, 21, 56.7563, 885.4152
525, 7, 22, 49.6419, 974.3701
526, 7, 23, 63.9496, 780.6976
527, 1, 0, 80.7503, 776.5278
528, 1, 1, 60.1468, 767.5518
529, 1, 2, 63.1088, 822.5924
530, 1, 3, 62.0921, 769.4711
531, 1, 4, 54.7967, 813.1085
532, 1, 5, 58.7815, 853.8721
533, 1, 6, 69.4191, 811.8764
534, 1, 7, 72.102, 933.1073
535, 1, 8, 58.9141, 882.2376
536, 1, 9, 58.3821, 994.3713
537, 1, 10, 40.4565, 1019.498
538, 1, 11, 18.8209, 1041.8888
539, 1, 12, 16.4868, 982.0703
540, 1, 13, 22.4115, 1026.1771
541, 1, 14, 37.803, 1062.0209
542, 1, 15, 33.8561, 1124.9702
543, 1, 16, 57.1532, 922.9964
544, 1, 17, 52.2906, 1066.8116
545, 1, 18, 70.9488, 977.7273
546, 1, 19, 63.0963, 1088.3083
547, 1, 20, 56.4043, 1021.2305
548, 1, 21, 58.6758, 937.2278
549, 1, 22, 49.5911, 822.9747
550, 1, 23, 42.2243, 912.3243
551, 2, 0, 39.681, 916.2194
552, 2, 1, 48.6268, 892.875
553, 2, 2, 48.6773, 781.2639
554, 2, 3, 44.1818, 883.4462
555, 2, 4, 52.7874, 831.1743
556, 2, 5, 61.4097, 803.3051
557, 2, 6, 77.4934, 905.026
558, 2, 7, 72.3134, 980.5269
559, 2, 8, 88.143, 1041.0477
560, 2, 9, 57.3896, 1049.1238
561, 2, 10, 47.4913, 980.9995
562, 2, 11, 37.5702, 1063.9261
563, 2, 12, 38.0262, 1047.3404
564, 2, 13, 50.6847, 1029.2928
565, 2, 14, 58.7728, 967.027
566, 2, 15, 65.3648, 1061.8517
567, 2, 16, 69.2757, 962.8522
568, 2, 17, 65.9692, 974.0978
569, 2, 18, 65.2188, 1051.2016
570, 2, 19, 58.1538, 973.944
571, 2, 20, 56.0068, 1047.2295
572, 2, 21, 56.1994, 938.5979
573, 2, 22, 52.3865, 937.6233
574, 2, 23, 64.0095, 950.5922
575, 3, 0, 65.8696, 859.3793
576, 3, 1, 69.9398, 869.8709
577, 3, 2, 63.7368, 722.1897
578, 3, 3, 64.0805, 749.6619
579, 3, 4, 75.379, 763.1492
580, 3, 5, 79.8519, 907.9012
581, 3, 6, 82.1091, 907.8669
582, 3, 7, 86.328, 902.928
583, 3, 8, 65.4604, 1007.2459
584, 3, 9, 43.8256, 1014.6017
585, 3, 10, 34.8445, 1106.3483
586, 3, 11, 44.3783, 1071.6585
587, 3, 12, 32.0397, 997.2231
588, 3, 13, 46.274, 1076.5267
589, 3, 14, 57.1852, 978.682
590, 3, 15, 59.5853, 929.1399
591, 3, 16, 53.6598, 1010.2795
592, 3, 17, 51.4892, 1004.042
593, 3, 18, 57.1106, 1006.2219
594, 3, 19, 53.4944, 989.7077
595, 3, 20, 50.498, 976.6787
596, 3, 21, 58.9571, 1035.2995
597, 3, 22, 54.3871, 784.5521
598, 3, 23, 54.7953, 992.6639
599, 4, 0, 66.3617, 841.1209
600, 4, 1, 76.3985, 741.7868
601, 4, 2, 81.1494, 791.8347
602, 4, 3, 64.1858, 851.9042
603, 4, 4, 69.9685, 770.8211
604, 4, 5, 71.9563, 800.7682
605, 4, 6, 68.2088, 798.7436
606, 4, 7, 66.8117, 956.2798
607, 4, 8, 59.772, 975.6917
608, 4, 9, 57.032, 939.9861
609, 4, 10, 53.2687, 1036.2545
610, 4, 11, 55.4802, 1050.3311
611, 4, 12, 65.4951, 1038.6772
612, 4, 13, 67.5469, 1001.4043
613, 4, 14, 41.9935, 877.5965
614, 4, 15, 39.2349, 858.4662
615, 4, 16, 55.8011, 990.4254
616, 4, 17, 67.8078, 974.7668
617, 4, 18, 59.2756, 957.8613
618, 4, 19, 56.2013, 927.2636
619, 4, 20, 64.8248, 917.2412
620, 4, 21, 67.2877, 941.9536
621, 4, 22, 76.5899, 886.1969
622, 4, 23, 58.4702, 886.9107
623, 5, 0, 60.3079, 760.6429
624, 5, 1, 55.7806, 752.7374
625, 5, 2, 64.4, 782.7779
626, 5, 3, 71.1403, 697.5843
627, 5, 4, 68.1208, 765.8729
628, 5, 5, 64.9813, 790.3754
629, 5, 6, 68.6881, 916.4114
630, 5, 7, 61.793, 868.6687
631, 5, 8, 54.5963, 915.4365
632, 5, 9, 40.2686, 898.6334
633, 5, 10, 45.6062, 976.4141
634, 5, 11, 34.8222, 1006.4417
635, 5, 12, 26.1961, 956.857
636, 5, 13, 39.7022, 1035.5076
637, 5, 14, 38.2863, 961.2417
638, 5, 15, 44.7372, 1028.9016
639, 5, 16, 61.9104, 911.2279
640, 5, 17, 58.7259, 970.0681
641, 5, 18, 61.347, 1032.775
642, 5, 19, 62.9203, 977.2766
643, 5, 20, 60.983, 966.9609
644, 5, 21, 61.3726, 911.4372
645, 5, 22, 55.7099, 830.2216
646, 5, 23, 56.4197, 878.2656
647, 6, 0, 61.9682, 625.5458
648, 6, 1, 76.1866, 740.157
649, 6, 2, 55.7092, 711.1395
650, 6, 3, 59.5043, 651.8822
651, 6, 4, 65.0886, 706.3457
652, 6, 5, 78.5036, 716.7775
653, 6, 6, 64.4476, 754.5981
654, 6, 7, 65.7309, 674.6371
655, 6, 8, 59.692, 884.0957
656, 6, 9, 53.8541, 920.5966
657, 6, 10, 29.3909, 904.4193
658, 6, 11, 25.5343, 858.2036
659, 6, 12, 34.9293, 906.1917
660, 6, 13, 23.5263, 954.7242
661, 6, 14, 39.7908, 816.1556
662, 6, 15, 52.0439, 813.5795
663, 6, 16, 43.8544, 853.9428
664, 6, 17, 48.2607, 913.6396
665, 6, 18, 51.6279, 812.0891
666, 6, 19, 46.4314, 896.0958
667, 6, 20, 47.1065, 758.9046
668, 6, 21, 45.1446, 770.1067
669, 6, 22, 47.2828, 749.7872
670, 6, 23, 42.5268, 716.3096
671, 7, 0, 49.1465, 592.1314
672, 7, 1, 47.7495, 553.2415
673, 7, 2, 49.7164, 601.9479
674, 7, 3, 52.6555, 610.2866
675, 7, 4, 59.2761, 597.0468
676, 7, 5, 57.2908, 534.1677
677, 7, 6, 69.3678, 631.9327
678, 7, 7, 59.3595, 781.2216
679, 7, 8, 60.7614, 767.4489
680, 7, 9, 47.938, 792.3487
681, 7, 10, 33.6137, 783.3505
682, 7, 11, 30.071, 824.1542
683, 7, 12, 17.1193, 854.6107
684, 7, 13, 27.2763, 763.428
685, 7, 14, 16.5862, 884.5272
686, 7, 15, 30.8798, 829.4052
687, 7, 16, 38.3646, 773.0727
688, 7, 17, 37.464, 723.1605
689, 7, 18, 48.7998, 811.2346
690, 7, 19, 47.5049, 848.8397
691, 7, 20, 42.5863, 911.2875
692, 7, 21, 50.1366, 768.2318
693, 7, 22, 49.9926, 709.6696
694, 7, 23, 51.2322, 739.5165
695, 1, 0, 58.5215, 664.5991
696, 1, 1, 57.6675, 787.3966
697, 1, 2, 63.835, 756.8807
698, 1, 3, 58.0029, 689.7871
699, 1, 4, 56.6069, 648.6281
700, 1, 5, 53.7872, 694.6431
701, 1, 6, 56.9227, 739.1687
702, 1, 7, 64.0326, 786.7741
703, 1, 8, 59.3166, 859.5906
704, 1, 9, 39.6032, 965.4618
705, 1, 10, 43.3287, 1012.0671
706, 1, 11, 25.6039, 893.7668
707, 1, 12, 22.0646, 963.5751
708, 1, 13, 37.5464, 900.6595
709, 1, 14, 27.608, 898.8627
710, 1, 15, 27.0673, 878.9813
711, 1, 16, 25.3618, 963.1565
712, 1, 17, 38.0345, 994.0875
713, 1, 18, 61.5169, 987.0905
714, 1, 19, 58.7528, 1046.6924
715, 1, 20, 56.5765, 878.1901
716, 1, 21, 61.9886, 1009.0302
717, 1, 22, 55.3643, 945.8131
718, 1, 23, 59.4254, 883.8886
719, 2, 0, 66.7069, 840.0906
720, 2, 1, 64.9641, 883.209
721, 2, 2, 62.1159, 816.646
722, 2, 3, 57.7223, 754.5399
723, 2, 4, 64.3846, 876.4821
724, 2, 5, 59.7157, 872.8447
725, 2, 6, 71.2034, 901.2231
726, 2, 7, 65.0318, 933.6892
727, 2, 8, 62.511, 1032.2721
728, 2, 9, 42.2505, 1039.2914
729, 2, 10, 39.9856, 1121.5673
730, 2, 11, 30.5939, 1131.9442
731, 2, 12, 45.7381, 1223.9136
732, 2, 13, 45.4956, 1152.2975
733, 2, 14, 61.3412, 1075.4423
734, 2, 15, 65.0626, 1047.8251
735, 2, 16, 54.7525, 981.2281
736, 2, 17, 51.3577, 1061.7629
737, 2, 18, 58.7152, 1052.5071
738, 2, 19, 58.3445, 1057.7575
739, 2, 20, 58.5711, 1057.8884
740, 2, 21, 58.2749, 935.5046
741, 2, 22, 57.8203, 967.0802
742, 2, 23, 56.285, 855.6552
743, 3, 0, 67.3394, 840.2447
744, 3, 1, 71.3699, 910.0815
745, 3, 2, 61.8812, 772.0441
746, 3, 3, 64.4129, 721.0795
747, 3, 4, 59.6666, 836.3003
748, 3, 5, 65.2856, 870.2342
749, 3, 6, 69.399, 1077.6473
750, 3, 7, 71.5035, 923.0746
751, 3, 8, 71.779, 1004.1381
752, 3, 9, 50.9471, 993.1923
753, 3, 10, 49.0925, 1119.7051
754, 3, 11, 40.3039, 1115.2715
755, 3, 12, 34.1767, 986.5954
756, 3, 13, 25.0949, 1152.6521
757, 3, 14, 30.6994, 1098.5127
758, 3, 15, 43.7077, 1000.5941
759, 3, 16, 56.4417, 1071.9389
760, 3, 17, 59.9655, 984.2438
761, 3, 18, 62.4536, 1037.5949
762, 3, 19, 62.3792, 1094.8165
763, 3, 20, 60.5453, 1055.0924
764, 3, 21, 60.6366, 996.88
765, 3, 22, 57.9046, 1039.6927
766, 3, 23, 58.3739, 978.7445
767, 4, 0, 66.6298, 880.4342
768, 4, 1, 59.2997, 865.2083
769, 4, 2, 62.2105, 974.6397
770, 4, 3, 57.8957, 984.9271
771, 4, 4, 58.1323, 934.642
772, 4, 5, 57.7746, 797.4428
773, 4, 6, 63.9932, 847.3073
774, 4, 7, 66.8275, 1020.5605
775, 4, 8, 58.3021, 871.2135
776, 4, 9, 33.981, 1070.3913
777, 4, 10, 32.2306, 1068.8787
778, 4, 11, 15.9382, 1001.2416
779, 4, 12, 14.2851, 933.5853
780, 4, 13, 26.8519, 1063.7791
781, 4, 14, 30.9635, 933.7383
782, 4, 15, 43.1505, 1025.0807
783, 4, 16, 47.6389, 1041.0626
784, 4, 17, 61.9752, 1021.6467
785, 4, 18, 59.0841, 1029.2546
786, 4, 19, 59.2532, 1008.6488
787, 4, 20, 60.9119, 940.1813
788, 4, 21, 61.4829, 951.8846
789, 4, 22, 68.0675, 929.4031
790, 4, 23, 68.3339, 819.2431
791, 5, 0, 79.6573, 920.1434
792, 5, 1, 71.8077, 838.4205
793, 5, 2, 84.6395, 697.464
794, 5, 3, 65.6011, 686.6647
795, 5, 4, 62.6911, 632.2252
796, 5, 5, 58.3428, 782.9622
797, 5, 6, 61.0151, 857.5262
798, 5, 7, 66.2314, 862.6262
799, 5, 8, 65.4361, 923.0341
800, 5, 9, 51.4581, 1024.5697
801, 5, 10, 38.9422, 944.9526
802, 5, 11, 22.4678, 962.6411
803, 5, 12, 27.2222, 1056.1932
804, 5, 13, 23.9885, 1061.242
805, 5, 14, 28.6373, 960.9422
806, 5, 15, 33.1555, 937.7937
807, 5, 16, 43.1468, 944.9574
808, 5, 17, 55.23, 909.6125
809, 5, 18, 59.0042, 994.443
810, 5, 19, 53.3877, 1018.5075
811, 5, 20, 61.7084, 934.1568
812, 5, 21, 52.9476, 908.9949
813, 5, 22, 50.8226, 860.9195
814, 5, 23, 48.7238, 734.6451
815, 6, 0, 64.1123, 700.3409
816, 6, 1, 57.4886, 727.5104
817, 6, 2, 58.7835, 677.4254
818, 6, 3, 54.7368, 743.3021
819, 6, 4, 55.7041, 679.6859
820, 6, 5, 56.3218, 733.5116
821, 6, 6, 61.5178, 726.4969
822, 6, 7, 55.437, 849.6708
823, 6, 8, 53.1186, 846.7024
824, 6, 9, 40.6955, 807.7545
825, 6, 10, 30.531, 820.9254
826, 6, 11, 39.5255, 862.8192
827, 6, 12, 6.9603, 927.9497
828, 6, 13, 10.4784, 765.9983
829, 6, 14, 28.4518, 898.9318
830, 6, 15, 53.9484, 812.3305
831, 6, 16, 60.3511, 866.5018
832, 6, 17, 63.5613, 898.1484
833, 6, 18, 54.1173, 777.9765
834, 6, 19, 54.1373, 843.2657
835, 6, 20, 51.2346, 832.5248
836, 6, 21, 46.4936, 788.0758
837, 6, 22, 47.2719, 757.7052
838, 6, 23, 53.779, 731.852
839, 7, 0, 49.7449, 752.4615
840, 7, 1, 53.2905, 634.7547
841, 7, 2, 51.1103, 636.7236
842, 7, 3, 61.628, 567.8504
843, 7, 4, 58.8085, 639.8852
844, 7, 5, 60.7096, 646.5785
845, 7, 6, 67.5143, 739.7439
846, 7, 7, 63.6087, 755.0738
847, 7, 8, 51.9365, 853.0015
848, 7, 9, 26.6347, 870.0577
849, 7, 10, 31.2486, 782.1005
850, 7, 11, 22.8438, 967.1835
851, 7, 12, 27.0422, 875.5116
852, 7, 13, 30.6431, 784.2378
853, 7, 14, 40.5796, 737.2815
854, 7, 15, 51.2698, 899.0248
855, 7, 16, 57.6468, 857.6622
856, 7, 17, 47.1431, 926.4251
857, 7, 18, 57.9, 858.3088
858, 7, 19, 53.8356, 898.6242
859, 7, 20, 50.5956, 959.7566
860, 7, 21, 48.2988, 811.8989
861, 7, 22, 49.7873, 798.0233
862, 7, 23, 53.7605, 940.1683
863, 1, 0, 57.5004, 744.5763
864, 1, 1, 70.6037, 617.4119
865, 1, 2, 69.1982, 707.2639
866, 1, 3, 58.3631, 724.8323
867, 1, 4, 50.0311, 710.1565
868, 1, 5, 45.6824, 684.9704
869, 1, 6, 53.7653, 867.1945
870, 1, 7, 59.2181, 873.1172
871, 1, 8, 62.2806, 950.2012
872, 1, 9, 56.2602, 826.3691
873, 1, 10, 47.6744, 994.9687
874, 1, 11, 53.2161, 931.5883
875, 1, 12, 53.5612, 842.9174
876, 1, 13, 53.3098, 901.9985
877, 1, 14, 47.5243, 984.5523
878, 1, 15, 67.0194, 906.6698
879, 1, 16, 58.2383, 963.231
880, 1, 17, 58.5907, 864.7748
881, 1, 18, 52.687, 941.5527
882, 1, 19, 53.2623, 993.129
883, 1, 20, 54.7463, 848.3595
884, 1, 21, 56.2478, 894.0592
885, 1, 22, 51.9719, 874.9772
886, 1, 23, 59.1594, 805.6873
887, 2, 0, 63.3436, 739.9357
888, 2, 1, 56.172, 805.7698
889, 2, 2, 56.9849, 763.8868
890, 2, 3, 56.853, 706.2579
891, 2, 4, 61.6605, 676.0461
892, 2, 5, 45.9312, 821.4182
893, 2, 6, 56.6757, 728.0815
894, 2, 7, 48.5227, 823.7081
895, 2, 8, 50.2826, 912.4824
896, 2, 9, 48.8907, 960.406
897, 2, 10, 46.9784, 849.0485
898, 2, 11, 38.893, 888.3274
899, 2, 12, 46.9502, 850.4152
900, 2, 13, 43.0222, 927.4827
901, 2, 14, 56.1268, 923.4567
902, 2, 15, 58.3069, 915.9385
903, 2, 16, 56.7398, 878.3692
904, 2, 17, 49.0414, 885.5079
905, 2, 18, 47.4426, 729.8528
906, 2, 19, 52.1956, 895.6363
907, 2, 20, 54.9168, 784.083
908, 2, 21, 50.7719, 817.9734
909, 2, 22, 49.818, 743.4766
910, 2, 23, 47.0701, 822.7302
911, 3, 0, 57.2486, 793.3809
912, 3, 1, 47.9703, 835.3036
913, 3, 2, 49.4783, 636.4841
914, 3, 3, 41.5158, 834.1329
915, 3, 4, 50.7656, 626.9934
916, 3, 5, 50.2944, 579.2813
917, 3, 6, 56.8705, 822.5929
918, 3, 7, 52.1735, 759.3023
919, 3, 8, 66.0424, 799.3693
920, 3, 9, 51.0937, 803.2464
921, 3, 10, 43.597, 946.4
922, 3, 11, 50.6176, 884.7869
923, 3, 12, 48.551, 945.1665
924, 3, 13, 55.4012, 864.5482
925, 3, 14, 59.2933, 837.0365
926, 3, 15, 64.7627, 905.8941
927, 3, 16, 70.8734, 904.4674
928, 3, 17, 63.6123, 804.1043
929, 3, 18, 60.7053, 813.4086
930, 3, 19, 54.5924, 957.7561
931, 3, 20, 53.722, 816.9522
932, 3, 21, 56.1215, 880.8705
933, 3, 22, 59.2371, 840.4071
934, 3, 23, 53.1986, 794.5262
935, 4, 0, 51.8203, 683.2481
936, 4, 1, 48.1359, 741.2624
937, 4, 2, 44.9275, 739.7879
938, 4, 3, 63.0953, 696.6773
939, 4, 4, 59.1562, 737.2162
940, 4, 5, 59.2829, 712.6413
941, 4, 6, 57.0755, 672.8029
942, 4, 7, 59.6922, 789.6279
943, 4, 8, 61.5942, 847.4536
944, 4, 9, 57.5254, 960.6335
945, 4, 10, 52.8162, 905.1506
946, 4, 11, 45.6167, 911.1148
947, 4, 12, 46.759, 885.522
948, 4, 13, 46.7866, 911.7104
949, 4, 14, 56.3983, 887.6023
950, 4, 15, 63.0469, 918.2211
951, 4, 16, 64.8205, 929.7428
952, 4, 17, 62.7105, 894.6604
953, 4, 18, 54.9878, 900.247
954, 4, 19, 48.3896, 901.2863
955, 4, 20, 48.3787, 865.5303
956, 4, 21, 44.7917, 1031.738
957, 4, 22, 53.6304, 860.5417
958, 4, 23, 54.5851, 808.784
959, 5, 0, 59.6932, 853.8637
960, 5, 1, 60.4553, 625.8892
961, 5, 2, 69.9928, 775.156
962, 5, 3, 68.4776, 777.0933
963, 5, 4, 61.0978, 781.0229
964, 5, 5, 53.8876, 799.4188
965, 5, 6, 55.2265, 896.1563
966, 5, 7, 52.5229, 892.7158
967, 5, 8, 46.6877, 1053.0455
968, 5, 9, 40.5359, 889.5519
969, 5, 10, 26.8348, 948.5591
970, 5, 11, 14.5393, 858.8961
971, 5, 12, 9.5782, 881.7098
972, 5, 13, 35.946, 864.1917
973, 5, 14, 52.949, 968.9084
974, 5, 15, 50.8333, 1030.9247
975, 5, 16, 55.403, 839.7027
976, 5, 17, 54.3449, 952.845
977, 5, 18, 61.9822, 888.9994
978, 5, 19, 54.7952, 960.5699
979, 5, 20, 65.6411, 929.862
980, 5, 21, 51.5749, 861.9438
981, 5, 22, 48.2765, 865.2639
982, 5, 23, 47.2972, 786.5324
983, 6, 0, 55.7408, 689.5781
984, 6, 1, 58.0634, 596.9161
985, 6, 2, 59.8359, 731.1856
986, 6, 3, 59.0227, 646.2163
987, 6, 4, 57.8993, 731.7951
988, 6, 5, 60.9213, 660.2113
989, 6, 6, 56.6726, 780.6159
990, 6, 7, 59.292, 889.6088
991, 6, 8, 47.3372, 856.0738
992, 6, 9, 22.5908, 877.0615
993, 6, 10, 12.4162, 968.4118
994, 6, 11, 4.2992, 1032.1006
995, 6, 12, 30.2377, 924.3209
996, 6, 13, 23.8689, 892.7919
997, 6, 14, 18.2176, 959.5877
998, 6, 15, 32.3917, 837.4656
999, 6, 16, 55.2096, 902.6151
1000, 6, 17, 56.9699, 811.0936
1001, 6, 18, 56.4743, 800.854
1002, 6, 19, 46.1398, 910.4824
1003, 6, 20, 41.1243, 984.4909
1004, 6, 21, 41.7055, 878.0819
1005, 6, 22, 42.7555, 846.1422
1006, 6, 23, 42.5095, 779.5252
1007, 7, 0, 52.979, 764.4175
1008, 7, 1, 47.5605, 710.0846
1009, 7, 2, 51.2227, 719.9084
1010, 7, 3, 57.705, 848.8793
1011, 7, 4, 65.9849, 708.3496
1012, 7, 5, 65.4718, 771.3825
1013, 7, 6, 64.6989, 805.8507
1014, 7, 7, 59.9181, 875.6916
1015, 7, 8, 56.9247, 841.5429
1016, 7, 9, 32.3717, 867.1493
1017, 7, 10, 19.9022, 917.3644
1018, 7, 11, 8.8697, 912.8805
1019, 7, 12, -9.5976, 911.6975
1020, 7, 13, 5.7734, 913.9537
1021, 7, 14, 25.5521, 865.8003
1022, 7, 15, 26.0944, 1038.5687
1023, 7, 16, 50.0186, 872.3303
1024, 7, 17, 54.1446, 924.6444
1025, 7, 18, 52.2882, 1050.6428
1026, 7, 19, 52.9021, 940.4905
1027, 7, 20, 53.2538, 861.4597
1028, 7, 21, 44.2414, 1006.4456
1029, 7, 22, 54.3907, 781.5333
1030, 7, 23, 56.8185, 788.7665
1031, 1, 0, 62.0001, 850.5602
1032, 1, 1, 69.7156, 790.6704
1033, 1, 2, 68.6388, 661.6328
1034, 1, 3, 56.2182, 772.8618
1035, 1, 4, 60.802, 712.8808
1036, 1, 5, 58.817, 798.2095
1037, 1, 6, 60.664, 800.6721
1038, 1, 7, 56.8468, 873.1581
1039, 1, 8, 50.6488, 1017.045
1040, 1, 9, 48.8621, 905.1358
1041, 1, 10, 60.8395, 877.1701
1042, 1, 11, 53.6797, 1037.3979
1043, 1, 12, 53.6007, 1027.7919
1044, 1, 13, 48.7262, 954.2552
1045, 1, 14, 53.936, 947.2402
1046, 1, 15, 57.7925, 914.2933
1047, 1, 16, 60.175, 928.7176
1048, 1, 17, 52.7944, 931.8899
1049, 1, 18, 54.4249, 897.1541
1050, 1, 19, 43.0132, 971.4469
1051, 1, 20, 43.4677, 1083.8298
1052, 1, 21, 49.5718, 923.8912
1053, 1, 22, 55.5963, 884.7875
1054, 1, 23, 50.5558, 770.4944
1055, 2, 0, 61.3076, 791.3311
1056, 2, 1, 61.3743, 771.6586
1057, 2, 2, 59.5013, 792.1023
1058, 2, 3, 55.652, 812.1155
1059, 2, 4, 51.8407, 758.342
1060, 2, 5, 54.5535, 738.6447
1061, 2, 6, 57.8444, 733.8075
1062, 2, 7, 55.8866, 758.9428
1063, 2, 8, 61.3003, 857.3323
1064, 2, 9, 52.5307, 931.5509
1065, 2, 10, 43.8597, 873.8353
1066, 2, 11, 21.3254, 957.1586
1067, 2, 12, 5.7416, 1000.4881
1068, 2, 13, 12.8154, 948.6963
1069, 2, 14, 28.6298, 1034.6873
1070, 2, 15, 49.4697, 882.3051
1071, 2, 16, 41.2167, 903.6337
1072, 2, 17, 44.7572, 966.0574
1073, 2, 18, 51.7665, 840.0413
1074, 2, 19, 48.0069, 949.8465
1075, 2, 20, 49.0217, 914.6716
1076, 2, 21, 48.4827, 953.4165
1077, 2, 22, 57.2204, 776.8697
1078, 2, 23, 55.5474, 841.2821
1079, 3, 0, 70.3694, 752.6406
1080, 3, 1, 58.003, 658.5292
1081, 3, 2, 64.9887, 785.6462
1082, 3, 3, 56.3547, 679.7157
1083, 3, 4, 59.0718, 737.0252
1084, 3, 5, 58.1858, 779.2213
1085, 3, 6, 64.6626, 855.51
1086, 3, 7, 62.5651, 830.177
1087, 3, 8, 67.8409, 865.1489
1088, 3, 9, 43.9474, 958.9797
1089, 3, 10, 58.438, 838.4557
1090, 3, 11, 49.2588, 948.3046
1091, 3, 12, 50.4287, 857.5213
1092, 3, 13, 52.3546, 994.9299
1093, 3, 14, 63.1344, 902.4076
1094, 3, 15, 58.213, 968.7636
1095, 3, 16, 62.2374, 842.5871
1096, 3, 17, 57.7315, 939.126
1097, 3, 18, 49.025, 813.9979
1098, 3, 19, 49.366, 891.4371
1099, 3, 20, 51.1026, 1031.2834
1100, 3, 21, 51.7513, 919.2318
1101, 3, 22, 48.7187, 848.9307
1102, 3, 23, 52.9007, 754.0594
1103, 4, 0, 53.9981, 814.5385
1104, 4, 1, 50.006, 816.054
1105, 4, 2, 55.1038, 669.6003
1106, 4, 3, 58.4352, 670.4141
1107, 4, 4, 54.8427, 825.1936
1108, 4, 5, 53.742, 804.7826
1109, 4, 6, 65.5217, 811.9992
1110, 4, 7, 62.1776, 760.0426
1111, 4, 8, 49.292, 995.2688
1112, 4, 9, 30.5024, 1026.7413
1113, 4, 10, 51.4996, 925.9516
1114, 4, 11, 21.9652, 1025.6914
1115, 4, 12, 16.8652, 980.8547
1116, 4, 13, 25.2643, 903.9678
1117, 4, 14, 40.3363, 928.6423
1118, 4, 15, 28.354, 1014.6129
1119, 4, 16, 54.9332, 1053.8088
1120, 4, 17, 52.4297, 1010.4768
1121, 4, 18, 54.1937, 958.9552
1122, 4, 19, 57.7605, 927.4776
1123, 4, 20, 61.2612, 931.2929
1124, 4, 21, 52.6564, 999.4183
1125, 4, 22, 51.782, 960.5012
1126, 4, 23, 60.7152, 919.6051
1127, 5, 0, 63.9604, 832.5952
1128, 5, 1, 63.4875, 757.7525
1129, 5, 2, 65.9898, 808.5961
1130, 5, 3, 68.4814, 731.8888
1131, 5, 4, 58.8731, 816.3654
1132, 5, 5, 61.2597, 740.4914
1133, 5, 6, 56.3368, 854.8302
1134, 5, 7, 60.8272, 977.2198
1135, 5, 8, 58.9497, 892.9284
1136, 5, 9, 41.7711, 1042.8378
1137, 5, 10, 33.8287, 970.0996
1138, 5, 11, 42.2003, 941.9689
1139, 5, 12, 32.1608, 1037.8593
1140, 5, 13, 36.0436, 1085.9671
1141, 5, 14, 51.4232, 1004.5261
1142, 5, 15, 52.3569, 996.2616
1143, 5, 16, 59.2103, 967.3108
1144, 5, 17, 55.6505, 948.5279
1145, 5, 18, 58.0613, 900.3927
1146, 5, 19, 58.95, 935.0229
1147, 5, 20, 58.0734, 939.8392
1148, 5, 21, 51.2755, 909.6598
1149, 5, 22, 47.3718, 762.5708
1150, 5, 23, 56.6413, 760.4657
1151, 6, 0, 59.4359, 745.0353
1152, 6, 1, 71.2933, 618.5648
1153, 6, 2, 57.24, 675.8324
1154, 6, 3, 60.2944, 661.5816
1155, 6, 4, 50.1545, 676.6258
1156, 6, 5, 52.5519, 749.6977
1157, 6, 6, 56.6828, 723.4331
1158, 6, 7, 58.7632, 839.8567
1159, 6, 8, 61.8079, 764.3518
1160, 6, 9, 56.5487, 814.3339
1161, 6, 10, 50.8129, 839.3333
1162, 6, 11, 47.6254, 879.5751
1163, 6, 12, 47.9073, 793.3323
1164, 6, 13, 50.043, 854.9136
1165, 6, 14, 57.7259, 916.8474
1166, 6, 15, 58.7111, 852.1712
1167, 6, 16, 54.9447, 883.2065
1168, 6, 17, 52.5116, 719.8983
1169, 6, 18, 49.6901, 912.2662
1170, 6, 19, 50.5505, 836.234
1171, 6, 20, 42.9175, 785.9301
1172, 6, 21, 45.6413, 707.8748
1173, 6, 22, 40.3997, 830.3122
1174, 6, 23, 31.1917, 731.2438
1175, 7, 0, 55.3084, 687.8312
1176, 7, 1, 59.4321, 724.3812
1177, 7, 2, 74.2319, 622.644
1178, 7, 3, 54.2552, 704.6089
1179, 7, 4, 60.0282, 684.7009
1180, 7, 5, 84.1943, 657.2986
1181, 7, 6, 64.5632, 678.7193
1182, 7, 7, 67.1645, 779.7561
1183, 7, 8, 43.2283, 848.5339
1184, 7, 9, 32.4213, 863.8034
1185, 7, 10, 35.3824, 910.1442
1186, 7, 11, 36.7588, 870.6421
1187, 7, 12, 23.4693, 862.4635
1188, 7, 13, 41.0666, 935.6455
1189, 7, 14, 43.5932, 915.2075
1190, 7, 15, 50.0664, 835.1632
1191, 7, 16, 66.6365, 870.5661
1192, 7, 17, 72.9042, 824.7737
1193, 7, 18, 56.6098, 825.7405
1194, 7, 19, 44.5476, 921.8137
1195, 7, 20, 47.4718, 870.126
1196, 7, 21, 63.2661, 873.2151
1197, 7, 22, 70.6718, 847.8961
1198, 7, 23, 57.5113, 868.2371
1199, 1, 0, 78.3457, 815.2811
1200, 1, 1, 68.9977, 763.3926
1201, 1, 2, 52.4551, 783.5278
1202, 1, 3, 56.5276, 705.7846
1203, 1, 4, 63.6243, 817.2293
1204, 1, 5, 60.5039, 828.982
1205, 1, 6, 75.3666, 869.4324
1206, 1, 7, 60.8105, 911.2076
1207, 1, 8, 50.7657, 872.0109
1208, 1, 9, 43.1253, 984.022
1209, 1, 10, 26.1215, 1030.08
1210, 1, 11, 23.5065, 994.3675
1211, 1, 12, 23.4099, 1026.9425
1212, 1, 13, 27.7338, 1076.7057
1213, 1, 14, 19.8551, 958.1267
1214, 1, 15, 42.4298, 1056.4047
1215, 1, 16, 49.235, 906.6756
1216, 1, 17, 52.9596, 1011.247
1217, 1, 18, 65.8085, 954.0306
1218, 1, 19, 55.1995, 905.9431
1219, 1, 20, 54.9744, 848.5336
1220, 1, 21, 58.0826, 846.1355
1221, 1, 22, 58.3672, 863.3528
1222, 1, 23, 58.2697, 849.4843
1223, 2, 0, 67.5187, 845.8036
1224, 2, 1, 60.7579, 849.3635
1225, 2, 2, 58.6796, 701.0857
1226, 2, 3, 62.4082, 718.1229
1227, 2, 4, 58.8058, 757.0656
1228, 2, 5, 66.335, 769.6661
1229, 2, 6, 67.5493, 804.6723
1230, 2, 7, 62.3014, 868.1734
1231, 2, 8, 50.1782, 951.7327
1232, 2, 9, 40.0371, 957.9988
1233, 2, 10, 36.3592, 893.0777
1234, 2, 11, 36.3399, 825.1928
1235, 2, 12, 11.1687, 939.6716
1236, 2, 13, 20.6028, 887.7732
1237, 2, 14, 44.0014, 905.8715
1238, 2, 15, 56.9536, 890.2835
1239, 2, 16, 47.27, 946.028
1240, 2, 17, 46.2828, 1012.9777
1241, 2, 18, 61.8503, 787.6426
1242, 2, 19, 48.457, 1010.3774
1243, 2, 20, 58.0893, 902.7175
1244, 2, 21, 51.8789, 925.2216
1245, 2, 22, 48.5516, 817.744
1246, 2, 23, 49.0644, 814.3511
1247, 3, 0, 60.6327, 741.8739
1248, 3, 1, 56.2084, 678.7099
1249, 3, 2, 60.2951, 705.7258
1250, 3, 3, 59.0139, 653.7299
1251, 3, 4, 54.2955, 638.3302
1252, 3, 5, 52.6023, 753.0345
1253, 3, 6, 61.6755, 740.7652
1254, 3, 7, 67.9435, 826.0326
1255, 3, 8, 62.009, 830.3244
1256, 3, 9, 52.1027, 808.8908
1257, 3, 10, 45.825, 858.0612
1258, 3, 11, 42.8884, 836.0444
1259, 3, 12, 53.5979, 855.2873
1260, 3, 13, 46.263, 974.6073
1261, 3, 14, 25.3244, 808.2158
1262, 3, 15, 40.5687, 920.5434
1263, 3, 16, 44.5975, 847.1144
1264, 3, 17, 51.8437, 795.1147
1265, 3, 18, 54.7471, 857.9406
1266, 3, 19, 54.1968, 777.9985
1267, 3, 20, 51.5886, 879.344
1268, 3, 21, 46.1078, 905.6992
1269, 3, 22, 53.2146, 805.6511
1270, 3, 23, 51.1481, 784.9511
1271, 4, 0, 60.9488, 647.0934
1272, 4, 1, 63.2066, 746.5452
1273, 4, 2, 69.7466, 607.6461
1274, 4, 3, 63.5441, 662.7981
1275, 4, 4, 54.8289, 778.9933
1276, 4, 5, 58.1375, 761.3448
1277, 4, 6, 60.178, 723.4798
1278, 4, 7, 71.6679, 721.225
1279, 4, 8, 67.4381, 814.8282
1280, 4, 9, 44.0685, 894.815
1281, 4, 10, 36.1061, 925.9262
1282, 4, 11, 30.501, 916.8022
1283, 4, 12, 17.4226, 936.7118
1284, 4, 13, 35.8516, 1002.4422
1285, 4, 14, 57.1172, 943.2155
1286, 4, 15, 51.1908, 964.853
1287, 4, 16, 53.5179, 905.8489
1288, 4, 17, 53.5169, 906.0739
1289, 4, 18, 59.5099, 932.6219
1290, 4, 19, 60.6104, 858.8161
1291, 4, 20, 56.344, 898.8333
1292, 4, 21, 55.1543, 972.4941
1293, 4, 22, 53.0598, 955.8477
1294, 4, 23, 61.7606, 857.8979
1295, 5, 0, 61.7419, 839.6153
1296, 5, 1, 53.0445, 760.2794
1297, 5, 2, 73.0862, 662.4531
1298, 5, 3, 44.5721, 727.3258
1299, 5, 4, 51.0918, 707.7137
1300, 5, 5, 49.8445, 803.0707
1301, 5, 6, 58.7217, 762.1224
1302, 5, 7, 58.0299, 784.1101
1303, 5, 8, 58.2407, 955.7559
1304, 5, 9, 61.0489, 913.9285
1305, 5, 10, 56.4153, 1011.3926
1306, 5, 11, 47.2117, 958.0996
1307, 5, 12, 30.6872, 983.5071
1308, 5, 13, 18.3315, 975.1584
1309, 5, 14, 40.861, 858.9041
1310, 5, 15, 26.3608, 1012.0268
1311, 5, 16, 40.5954, 885.89
1312, 5, 17, 53.3425, 902.2243
1313, 5, 18, 54.7262, 1011.6553
1314, 5, 19, 56.9286, 969.4355
1315, 5, 20, 62.4645, 873.9773
1316, 5, 21, 52.225, 847.3523
1317, 5, 22, 47.7748, 916.3463
1318, 5, 23, 56.8083, 881.5987
1319, 6, 0, 57.8468, 838.8345
1320, 6, 1, 57.3474, 758.7195
1321, 6, 2, 61.332, 728.9994
1322, 6, 3, 57.9217, 713.7628
1323, 6, 4, 57.3621, 724.2843
1324, 6, 5, 52.142, 732.9541
1325, 6, 6, 51.5094, 738.1444
1326, 6, 7, 68.4027, 815.975
1327, 6, 8, 65.9264, 800.5922
1328, 6, 9, 28.8498, 983.4003
1329, 6, 10, 36.168, 907.9875
1330, 6, 11, 18.5222, 846.7096
1331, 6, 12, 31.1834, 985.7701
1332, 6, 13, 19.2407, 975.3502
1333, 6, 14, 39.7546, 910.9672
1334, 6, 15, 35.4191, 962.9081
1335, 6, 16, 43.7084, 1016.4035
1336, 6, 17, 50.8611, 898.3482
1337, 6, 18, 63.1312, 870.2865
1338, 6, 19, 57.3587, 933.7073
1339, 6, 20, 53.3044, 861.4701
1340, 6, 21, 54.4575, 793.8401
1341, 6, 22, 49.7811, 814.855
1342, 6, 23, 47.119, 719.6734
1343, 7, 0, 63.0309, 872.8054
1344, 7, 1, 53.3426, 737.168
1345, 7, 2, 82.1552, 658.0778
1346, 7, 3, 68.2889, 714.8454
1347, 7, 4, 64.3333, 708.9173
1348, 7, 5, 59.3451, 850.0369
1349, 7, 6, 56.3799, 709.6459
1350, 7, 7, 45.3741, 831.5223
1351, 7, 8, 66.3699, 934.3067
1352, 7, 9, 41.171, 924.707
1353, 7, 10, 37.962, 845.2428
1354, 7, 11, 14.8489, 1002.7448
1355, 7, 12, 12.0202, 976.1918
1356, 7, 13, 12.1601, 959.8539
1357, 7, 14, 40.8658, 951.4535
1358, 7, 15, 52.6718, 885.4473
1359, 7, 16, 53.809, 909.3372
1360, 7, 17, 45.3468, 1002.4564
1361, 7, 18, 59.1713, 942.8486
1362, 7, 19, 52.4208, 963.7377
1363, 7, 20, 49.2513, 891.6671
1364, 7, 21, 56.0363, 893.58
1365, 7, 22, 50.9633, 860.8648
1366, 7, 23, 54.3605, 817.6384
1367, 1, 0, 67.5481, 761.3374
1368, 1, 1, 79.897, 710.5788
1369, 1, 2, 66.8543, 792.7784
1370, 1, 3, 50.7678, 731.0614
1371, 1, 4, 61.3949, 751.5983
1372, 1, 5, 77.4851, 925.5191
1373, 1, 6, 79.2507, 921.9136
1374, 1, 7, 73.3947, 885.8615
1375, 1, 8, 69.129, 930.295
1376, 1, 9, 57.3076, 987.4818
1377, 1, 10, 58.8611, 968.6609
1378, 1, 11, 46.7994, 1000.1056
1379, 1, 12, 30.2371, 1031.1392
1380, 1, 13, 22.3341, 1022.0248
1381, 1, 14, 14.0451, 1061.0573
1382, 1, 15, 30.4564, 1003.3029
1383, 1, 16, 32.96, 1058.6446
1384, 1, 17, 51.3241, 966.6546
1385, 1, 18, 62.2685, 1016.0629
1386, 1, 19, 62.7559, 920.5666
1387, 1, 20, 73.2203, 1035.433
1388, 1, 21, 59.9039, 935.2174
1389, 1, 22, 52.6619, 909.7672
1390, 1, 23, 65.0607, 879.1133
1391, 2, 0, 61.0949, 903.9473
1392, 2, 1, 56.3086, 798.4939
1393, 2, 2, 67.1945, 760.1784
1394, 2, 3, 59.9961, 729.8136
1395, 2, 4, 56.764, 684.4291
1396, 2, 5, 59.5242, 876.8507
1397, 2, 6, 67.1009, 775.5666
1398, 2, 7, 72.8274, 1051.4886
1399, 2, 8, 68.293, 934.9336
1400, 2, 9, 48.7979, 1036.6682
1401, 2, 10, 40.2336, 1022.6348
1402, 2, 11, 29.3759, 1056.4561
1403, 2, 12, 13.0152, 1029.4385
1404, 2, 13, 23.9802, 1099.6686
1405, 2, 14, 47.2608, 1009.6412
1406, 2, 15, 65.4401, 1035.9862
1407, 2, 16, 60.2798, 952.7554
1408, 2, 17, 54.6584, 1004.1556
1409, 2, 18, 54.2161, 988.7611
1410, 2, 19, 44.5437, 1012.2606
1411, 2, 20, 53.9813, 902.0735
1412, 2, 21, 51.3916, 1044.8047
1413, 2, 22, 50.3252, 977.3168
1414, 2, 23, 65.4414, 770.3999
1415, 3, 0, 63.6577, 844.8407
1416, 3, 1, 62.1414, 781.117
1417, 3, 2, 57.8014, 708.3081
1418, 3, 3, 51.7407, 666.0435
1419, 3, 4, 47.6846, 797.344
1420, 3, 5, 54.214, 800.1582
1421, 3, 6, 58.9467, 875.8713
1422, 3, 7, 59.3708, 981.1856
1423, 3, 8, 68.7826, 996.2031
1424, 3, 9, 39.3827, 1018.8132
1425, 3, 10, 28.1644, 1045.4216
1426, 3, 11, 16.0786, 996.5983
1427, 3, 12, 8.8608, 1023.5778
1428, 3, 13, 12.9735, 1107.8746
1429, 3, 14, 23.4075, 955.3381
1430, 3, 15, 43.8321, 917.5465
1431, 3, 16, 37.584, 914.382
1432, 3, 17, 59.4881, 901.2727
1433, 3, 18, 48.986, 951.4529
1434, 3, 19, 56.5628, 922.9257
1435, 3, 20, 48.9251, 920.5065
1436, 3, 21, 51.249, 877.0801
1437, 3, 22, 44.3931, 860.627
1438, 3, 23, 49.7774, 775.7579
1439, 4, 0, 61.8461, 726.5969
1440, 4, 1, 52.8714, 758.8856
1441, 4, 2, 49.8488, 681.2592
1442, 4, 3, 52.5069, 607.9258
1443, 4, 4, 60.1077, 662.4223
1444, 4, 5, 53.4404, 789.7304
1445, 4, 6, 63.8608, 740.286
1446, 4, 7, 59.0521, 829.2635
1447, 4, 8, 60.5707, 883.3686
1448, 4, 9, 53.7909, 876.0378
1449, 4, 10, 37.0055, 862.5083
1450, 4, 11, 26.253, 966.3021
1451, 4, 12, 13.5852, 972.458
1452, 4, 13, 31.1196, 832.6632
1453, 4, 14, 33.8789, 870.6954
1454, 4, 15, 45.5951, 954.411
1455, 4, 16, 63.858, 954.522
1456, 4, 17, 64.4834, 898.7563
1457, 4, 18, 62.0649, 889.7096
1458, 4, 19, 52.9629, 952.6165
1459, 4, 20, 52.5504, 868.346
1460, 4, 21, 53.8964, 909.9176
1461, 4, 22, 55.0651, 848.6235
1462, 4, 23, 54.1387, 805.5547
1463, 5, 0, 64.3001, 755.9837
1464, 5, 1, 58.1096, 714.3613
1465, 5, 2, 60.1472, 611.7204
1466, 5, 3, 53.5623, 772.3294
1467, 5, 4, 53.1443, 752.8806
1468, 5, 5, 59.1078, 742.6858
1469, 5, 6, 59.9022, 745.5262
1470, 5, 7, 63.0136, 761.6564
1471, 5, 8, 62.4483, 798.8957
1472, 5, 9, 58.9931, 882.1407
1473, 5, 10, 54.1399, 882.7794
1474, 5, 11, 40.9482, 923.2403
1475, 5, 12, 40.1636, 909.9471
1476, 5, 13, 32.8724, 944.8861
1477, 5, 14, 46.8164, 761.4931
1478, 5, 15, 62.6042, 909.4874
1479, 5, 16, 61.9208, 919.1729
1480, 5, 17, 44.4323, 1024.2342
1481, 5, 18, 57.2817, 933.3782
1482, 5, 19, 53.2977, 934.4994
1483, 5, 20, 54.4769, 850.6859
1484, 5, 21, 43.3007, 842.8403
1485, 5, 22, 43.2829, 791.734
1486, 5, 23, 45.8422, 634.7115
1487, 6, 0, 49.0367, 634.6242
1488, 6, 1, 57.6725, 626.0841
1489, 6, 2, 55.2195, 620.9225
1490, 6, 3, 54.7229, 579.9792
1491, 6, 4, 59.7819, 570.5378
1492, 6, 5, 60.1248, 583.183
1493, 6, 6, 57.7151, 717.3267
1494, 6, 7, 59.567, 709.2931
1495, 6, 8, 48.1279, 909.4701
1496, 6, 9, 26.3645, 890.702
1497, 6, 10, 17.314, 774.8152
1498, 6, 11, 10.8497, 821.0062
1499, 6, 12, 27.1818, 809.6987
1500, 6, 13, 50.0542, 847.2298
1501, 6, 14, 52.4874, 765.0848
1502, 6, 15, 65.9425, 885.4063
1503, 6, 16, 54.7413, 712.0518
1504, 6, 17, 53.1951, 807.6632
1505, 6, 18, 52.0416, 801.8387
1506, 6, 19, 52.3348, 822.8315
1507, 6, 20, 49.8474, 780.9684
1508, 6, 21, 45.4336, 777.1191
1509, 6, 22, 44.7635, 768.629
1510, 6, 23, 44.9865, 698.0848
1511, 7, 0, 60.6459, 690.5367
1512, 7, 1, 57.376, 532.2381
1513, 7, 2, 55.3523, 601.341
1514, 7, 3, 57.3721, 673.5629
1515, 7, 4, 49.7374, 604.9112
1516, 7, 5, 55.8742, 747.0981
1517, 7, 6, 55.6296, 809.193
1518, 7, 7, 65.9337, 703.7176
1519, 7, 8, 63.2834, 881.9299
1520, 7, 9, 37.1885, 772.0776
1521, 7, 10, 50.1962, 840.8222
1522, 7, 11, 47.936, 866.7328
1523, 7, 12, 42.2557, 856.1489
1524, 7, 13, 42.1659, 861.9221
1525, 7, 14, 58.2725, 781.8502
1526, 7, 15, 60.9463, 920.9234
1527, 7, 16, 58.5446, 838.7182
1528, 7, 17, 49.478, 783.5864
1529, 7, 18, 47.4575, 848.4789
1530, 7, 19, 47.7226, 862.3313
1531, 7, 20, 53.1273, 865.5548
1532, 7, 21, 41.9495, 856.6811
1533, 7, 22, 42.8103, 893.8321
1534, 7, 23, 45.7628, 794.9212
1535, 1, 0, 56.2406, 696.7994
1536, 1, 1, 59.2752, 788.2594
1537, 1, 2, 60.5633, 717.8951
1538, 1, 3, 59.9474, 711.0188
1539, 1, 4, 65.613, 723.5083
1540, 1, 5, 62.7927, 799.0168
1541, 1, 6, 63.0524, 848.5436
1542, 1, 7, 58.4162, 867.6408
1543, 1, 8, 54.723, 911.9156
1544, 1, 9, 46.2576, 934.0887
1545, 1, 10, 46.9544, 930.0858
1546, 1, 11, 22.7306, 966.9658
1547, 1, 12, 23.2443, 959.0231
1548, 1, 13, 20.4254, 1007.5223
1549, 1, 14, 38.2326, 960.3482
1550, 1, 15, 42.0039, 969.8485
1551, 1, 16, 52.2295, 941.2411
1552, 1, 17, 49.229, 927.761
1553, 1, 18, 62.7134, 880.4893
1554, 1, 19, 56.3631, 933.8464
1555, 1, 20, 54.6831, 932.1543
1556, 1, 21, 58.4758, 864.1798
1557, 1, 22, 45.241, 829.5143
1558, 1, 23, 59.6993, 862.2261
1559, 2, 0, 49.2787, 784.7305
1560, 2, 1, 54.5777, 821.1805
1561, 2, 2, 56.6116, 771.7782
1562, 2, 3, 52.931, 736.4935
1563, 2, 4, 53.9812, 766.9469
1564, 2, 5, 63.0957, 816.1875
1565, 2, 6, 62.0919, 680.315
1566, 2, 7, 67.2965, 844.5836
1567, 2, 8, 67.5629, 841.5447
1568, 2, 9, 65.4613, 915.2706
1569, 2, 10, 57.2166, 1034.9031
1570, 2, 11, 57.2223, 953.0274
1571, 2, 12, 53.3537, 991.2138
1572, 2, 13, 53.2178, 952.0445
1573, 2, 14, 56.521, 836.1187
1574, 2, 15, 58.5814, 912.2092
1575, 2, 16, 64.7222, 935.6297
1576, 2, 17, 64.6093, 896.7521
1577, 2, 18, 60.4415, 950.6379
1578, 2, 19, 57.4304, 994.7679
1579, 2, 20, 54.6243, 898.7283
1580, 2, 21, 56.0846, 907.4736
1581, 2, 22, 50.4234, 877.6997
1582, 2, 23, 56.0522, 837.7984
1583, 3, 0, 49.2974, 969.218
1584, 3, 1, 57.8582, 754.2576
1585, 3, 2, 45.7851, 729.4058
1586, 3, 3, 40.2121, 880.0063
1587, 3, 4, 49.798, 773.7552
1588, 3, 5, 50.9655, 824.6554
1589, 3, 6, 62.0115, 800.4299
1590, 3, 7, 59.0028, 878.8037
1591, 3, 8, 57.602, 988.171
1592, 3, 9, 39.8051, 1097.389
1593, 3, 10, 29.6256, 1025.926
1594, 3, 11, 34.0911, 1011.8775
1595, 3, 12, 26.9789, 901.9444
1596, 3, 13, 11.2815, 1128.2013
1597, 3, 14, 23.5148, 998.6566
1598, 3, 15, 23.4452, 1170.0135
1599, 3, 16, 44.401, 1021.6714
1600, 3, 17, 46.0236, 1040.1754
1601, 3, 18, 56.9323, 1086.759
1602, 3, 19, 47.3688, 1044.1543
1603, 3, 20, 45.0132, 996.1987
1604, 3, 21, 50.3476, 1040.3287
1605, 3, 22, 49.7192, 999.4156
1606, 3, 23, 55.6521, 1000.3803
1607, 4, 0, 62.0249, 823.3759
1608, 4, 1, 62.8542, 872.6304
1609, 4, 2, 65.485, 845.036
1610, 4, 3, 60.4302, 781.8244
1611, 4, 4, 64.8587, 884.9316
1612, 4, 5, 62.4158, 924.8869
1613, 4, 6, 63.7289, 927.5663
1614, 4, 7, 62.5434, 951.8769
1615, 4, 8, 60.4142, 1022.5622
1616, 4, 9, 48.738, 1032.3644
1617, 4, 10, 39.4812, 1100.947
1618, 4, 11, 29.5099, 1054.2017
1619, 4, 12, 32.2741, 1034.8793
1620, 4, 13, 11.7271, 1098.0094
1621, 4, 14, 30.5712, 1087.0567
1622, 4, 15, 46.7762, 1031.5788
1623, 4, 16, 53.3127, 1082.5887
1624, 4, 17, 49.2597, 975.2115
1625, 4, 18, 63.8972, 1002.4103
1626, 4, 19, 57.9041, 1000.088
1627, 4, 20, 54.237, 1100.9077
1628, 4, 21, 53.983, 1026.423
1629, 4, 22, 59.7478, 985.5423
1630, 4, 23, 55.5885, 995.6427
1631, 5, 0, 59.204, 844.3459
1632, 5, 1, 57.1546, 825.9687
1633, 5, 2, 59.9405, 815.4842
1634, 5, 3, 51.4208, 852.1036
1635, 5, 4, 56.9833, 861.3973
1636, 5, 5, 60.8143, 835.8563
1637, 5, 6, 62.7988, 883.8866
1638, 5, 7, 65.4073, 967.4412
1639, 5, 8, 63.8162, 1078.4088
1640, 5, 9, 53.6914, 1035.0346
1641, 5, 10, 47.9638, 1061.5095
1642, 5, 11, 34.8471, 968.6086
1643, 5, 12, 38.8288, 1019.9368
1644, 5, 13, 48.0416, 1067.8027
1645, 5, 14, 59.2815, 1065.7984
1646, 5, 15, 62.9588, 1018.9256
1647, 5, 16, 39.3338, 1018.9364
1648, 5, 17, 56.8677, 903.7851
1649, 5, 18, 45.3572, 1097.7514
1650, 5, 19, 58.1062, 900.0418
1651, 5, 20, 49.5204, 936.8896
1652, 5, 21, 49.5853, 803.5169
1653, 5, 22, 49.762, 815.9284
1654, 5, 23, 51.211, 776.6494
1655, 6, 0, 54.7876, 764.3747
1656, 6, 1, 53.0395, 782.2446
1657, 6, 2, 71.3343, 628.3294
1658, 6, 3, 63.1761, 712.3487
1659, 6, 4, 56.6288, 718.9401
1660, 6, 5, 57.857, 676.2513
1661, 6, 6, 55.4127, 634.0401
1662, 6, 7, 54.4936, 758.7023
1663, 6, 8, 55.5131, 899.6516
1664, 6, 9, 39.0829, 765.732
1665, 6, 10, 18.6164, 819.5799
1666, 6, 11, 17.2476, 871.9797
1667, 6, 12, 4.2699, 865.0824
1668, 6, 13, 22.7508, 953.0589
1669, 6, 14, 26.4539, 839.1958
1670, 6, 15, 45.0191, 954.1537
1671, 6, 16, 33.0014, 886.8239
1672, 6, 17, 36.3386, 803.6214
1673, 6, 18, 32.3919, 870.6791
1674, 6, 19, 34.7473, 863.9316
1675, 6, 20, 35.8368, 854.9862
1676, 6, 21, 37.9061, 727.2415
1677, 6, 22, 36.8393, 724.6275
1678, 6, 23, 35.1943, 625.6845
1679, 7, 0, 47.8198, 743.1478
1680, 7, 1, 40.8267, 538.6698
1681, 7, 2, 50.7692, 603.2666
1682, 7, 3, 46.918, 530.9989
1683, 7, 4, 53.012, 629.1066
1684, 7, 5, 44.7977, 621.7262
1685, 7, 6, 53.0427, 720.5834
1686, 7, 7, 47.35, 810.1675
1687, 7, 8, 42.0647, 782.2003
1688, 7, 9, 38.6977, 676.6889
1689, 7, 10, 13.2376, 726.2151
1690, 7, 11, 19.2461, 904.2794
1691, 7, 12, 19.1029, 768.7426
1692, 7, 13, 20.4487, 813.4571
1693, 7, 14, 40.9018, 824.679
1694, 7, 15, 30.5509, 812.9079
1695, 7, 16, 28.2808, 801.0304
1696, 7, 17, 34.4243, 840.5536
1697, 7, 18, 41.455, 858.929
1698, 7, 19, 47.8127, 722.6506
1699, 7, 20, 45.8077, 644.8576
1700, 7, 21, 39.7188, 776.6645
1701, 7, 22, 37.4756, 680.8492
1702, 7, 23, 35.0757, 697.803
1703, 1, 0, 33.7154, 653.1588
1704, 1, 1, 50.975, 641.8691
1705, 1, 2, 44.4051, 576.3303
1706, 1, 3, 49.0303, 579.903
1707, 1, 4, 44.2911, 614.5402
1708, 1, 5, 44.9924, 647.9549
1709, 1, 6, 53.0335, 664.5555
1710, 1, 7, 54.2815, 800.244
1711, 1, 8, 48.2474, 784.3817
1712, 1, 9, 32.4393, 811.9469
1713, 1, 10, 26.5756, 883.6929
1714, 1, 11, 27.31, 893.7322
1715, 1, 12, 12.5348, 876.8746
1716, 1, 13, 8.9917, 838.669
1717, 1, 14, 11.9594, 719.9549
1718, 1, 15, 15.1556, 768.8466
1719, 1, 16, 33.0835, 757.1261
1720, 1, 17, 45.3424, 933.3499
1721, 1, 18, 47.0679, 889.1314
1722, 1, 19, 51.3109, 840.4687
1723, 1, 20, 43.0457, 715.7089
1724, 1, 21, 42.9603, 732.8246
1725, 1, 22, 40.8565, 791.2181
1726, 1, 23, 36.2344, 637.097
1727, 2, 0, 43.9873, 675.5096
1728, 2, 1, 45.7924, 719.209
1729, 2, 2, 53.4627, 603.6758
1730, 2, 3, 57.0028, 589.9429
1731, 2, 4, 59.8809, 575.6189
1732, 2, 5, 60.8256, 609.0187
1733, 2, 6, 65.3963, 715.2526
1734, 2, 7, 58.6998, 827.6276
1735, 2, 8, 51.8473, 856.06
1736, 2, 9, 38.74, 855.7413
1737, 2, 10, 31.6364, 929.0958
1738, 2, 11, 27.7487, 793.7108
1739, 2, 12, 5.2924, 873.4429
1740, 2, 13, 12.0225, 917.8376
1741, 2, 14, 24.4652, 823.3801
1742, 2, 15, 28.49, 775.5166
1743, 2, 16, 50.688, 877.0831
1744, 2, 17, 56.3204, 818.841
1745, 2, 18, 57.9949, 841.7257
1746, 2, 19, 55.661, 806.3598
1747, 2, 20, 53.32, 777.5312
1748, 2, 21, 51.1426, 836.7756
1749, 2, 22, 50.8929, 769.319
1750, 2, 23, 43.9485, 615.8197
1751, 3, 0, 60.0659, 688.6594
1752, 3, 1, 52.836, 639.5732
1753, 3, 2, 51.9212, 577.6461
1754, 3, 3, 45.324, 516.375
1755, 3, 4, 51.8232, 719.5325
1756, 3, 5, 59.2346, 734.8243
1757, 3, 6, 61.0261, 679.9694
1758, 3, 7, 66.7136, 812.4947
1759, 3, 8, 60.0754, 858.4235
1760, 3, 9, 35.3647, 885.5937
1761, 3, 10, 23.5982, 931.6898
1762, 3, 11, 29.0169, 851.2034
1763, 3, 12, 22.1086, 938.425
1764, 3, 13, 32.0977, 815.7402
1765, 3, 14, 37.8507, 961.7722
1766, 3, 15, 44.4027, 810.4546
1767, 3, 16, 37.7662, 880.3038
1768, 3, 17, 46.7064, 836.0941
1769, 3, 18, 54.2632, 812.0019
1770, 3, 19, 53.3585, 793.1654
1771, 3, 20, 52.5544, 974.4574
1772, 3, 21, 53.9243, 846.1692
1773, 3, 22, 50.0531, 836.7566
1774, 3, 23, 43.317, 719.8769
1775, 4, 0, 42.9044, 861.251
1776, 4, 1, 50.8764, 548.2082
1777, 4, 2, 43.3807, 508.8883
1778, 4, 3, 55.3488, 749.1699
1779, 4, 4, 56.3483, 656.2938
1780, 4, 5, 55.7855, 850.3144
1781, 4, 6, 64.3103, 689.3267
1782, 4, 7, 58.822, 827.5345
1783, 4, 8, 54.0154, 843.304
1784, 4, 9, 34.5172, 962.4848
1785, 4, 10, 16.1127, 917.09
1786, 4, 11, 23.6182, 886.9118
1787, 4, 12, 19.5339, 912.4184
1788, 4, 13, 26.6283, 985.5259
1789, 4, 14, 33.045, 895.9929
1790, 4, 15, 23.0585, 961.1565
1791, 4, 16, 32.7201, 907.4801
1792, 4, 17, 48.2708, 877.4649
1793, 4, 18, 62.3682, 1018.9059
1794, 4, 19, 65.4003, 905.9999
1795, 4, 20, 66.8513, 961.5595
1796, 4, 21, 59.7608, 915.1084
1797, 4, 22, 54.5341, 781.3628
1798, 4, 23, 52.0828, 812.9975
1799, 5, 0, 57.5446, 809.8514
1800, 5, 1, 55.3443, 729.934
1801, 5, 2, 51.3885, 612.8564
1802, 5, 3, 54.0286, 725.675
1803, 5, 4, 55.459, 755.4792
1804, 5, 5, 66.4144, 754.9408
1805, 5, 6, 63.7025, 766.2265
1806, 5, 7, 57.2689, 924.0589
1807, 5, 8, 64.6504, 871.0304
1808, 5, 9, 60.8938, 879.3749
1809, 5, 10, 54.738, 867.2373
1810, 5, 11, 55.0061, 888.7672
1811, 5, 12, 50.1134, 833.1892
1812, 5, 13, 49.4032, 932.1289
1813, 5, 14, 50.6768, 935.9013
1814, 5, 15, 43.7063, 854.094
1815, 5, 16, 44.5185, 960.7715
1816, 5, 17, 46.872, 876.3516
1817, 5, 18, 58.4532, 869.1012
1818, 5, 19, 60.2935, 838.4057
1819, 5, 20, 58.1378, 867.8733
1820, 5, 21, 49.5234, 739.7579
1821, 5, 22, 48.6376, 746.8056
1822, 5, 23, 44.8783, 694.4905
1823, 6, 0, 51.0451, 732.4917
1824, 6, 1, 44.7416, 570.3682
1825, 6, 2, 38.2964, 606.2456
1826, 6, 3, 55.0737, 547.5217
1827, 6, 4, 52.5678, 622.5829
1828, 6, 5, 47.8513, 583.4488
1829, 6, 6, 43.9469, 702.1889
1830, 6, 7, 50.595, 784.6275
1831, 6, 8, 41.9368, 756.3525
1832, 6, 9, 28.7761, 725.3321
1833, 6, 10, 34.6429, 702.9258
1834, 6, 11, 16.7433, 844.675
1835, 6, 12, 23.6779, 737.2514
1836, 6, 13, 13.5754, 822.7611
1837, 6, 14, 30.6799, 846.7383
1838, 6, 15, 21.146, 772.8572
1839, 6, 16, 30.6771, 741.135
1840, 6, 17, 36.7212, 813.0723
1841, 6, 18, 50.2531, 741.0252
1842, 6, 19, 42.9858, 763.4494
1843, 6, 20, 45.0556, 769.6384
1844, 6, 21, 45.3341, 738.9736
1845, 6, 22, 41.6629, 646.7846
1846, 6, 23, 46.3856, 680.3795
1847, 7, 0, 52.7894, 679.2282
1848, 7, 1, 40.2615, 528.4042
1849, 7, 2, 58.6786, 615.2678
1850, 7, 3, 54.4319, 643.271
1851, 7, 4, 49.2923, 434.1678
1852, 7, 5, 51.5799, 548.5579
1853, 7, 6, 55.6671, 690.4844
1854, 7, 7, 51.6837, 629.7945
1855, 7, 8, 41.1975, 752.6325
1856, 7, 9, 25.942, 715.71
1857, 7, 10, 20.2159, 882.4979
1858, 7, 11, 18.0804, 839.8964
1859, 7, 12, 27.2974, 715.2549
1860, 7, 13, 23.1739, 780.4092
1861, 7, 14, 13.7771, 736.8115
1862, 7, 15, 31.2089, 761.8615
1863, 7, 16, 29.2714, 781.161
1864, 7, 17, 41.7211, 858.4866
1865, 7, 18, 43.8509, 774.6162
1866, 7, 19, 43.9715, 822.6034
1867, 7, 20, 39.3196, 729.8404
1868, 7, 21, 38.7588, 692.3673
1869, 7, 22, 35.8907, 765.1626
1870, 7, 23, 34.3756, 588.8653
1871, 1, 0, 35.4473, 590.3595
1872, 1, 1, 41.2974, 518.7494
1873, 1, 2, 45.0785, 555.7289
1874, 1, 3, 45.1081, 538.7409
1875, 1, 4, 43.2739, 607.352
1876, 1, 5, 41.469, 644.3048
1877, 1, 6, 46.2215, 697.1211
1878, 1, 7, 42.7298, 734.8606
1879, 1, 8, 45.4393, 863.6324
1880, 1, 9, 44.7291, 849.7793
1881, 1, 10, 43.1665, 806.8634
1882, 1, 11, 40.2632, 858.4571
1883, 1, 12, 40.6509, 790.9492
1884, 1, 13, 34.4891, 836.0472
1885, 1, 14, 38.1999, 923.7445
1886, 1, 15, 41.5031, 907.2291
1887, 1, 16, 45.378, 897.1367
1888, 1, 17, 47.6347, 822.6734
1889, 1, 18, 46.1099, 867.0043
1890, 1, 19, 43.5526, 836.5544
1891, 1, 20, 43.3706, 839.9401
1892, 1, 21, 40.2964, 814.2538
1893, 1, 22, 44.5642, 685.88
1894, 1, 23, 40.1077, 809.1141
1895, 2, 0, 46.7595, 767.7867
1896, 2, 1, 46.5583, 691.0195
1897, 2, 2, 38.9873, 681.8711
1898, 2, 3, 38.2714, 712.2456
1899, 2, 4, 37.7437, 664.0138
1900, 2, 5, 43.0897, 680.4501
1901, 2, 6, 46.0433, 721.672
1902, 2, 7, 45.9952, 744.5542
1903, 2, 8, 46.5855, 772.2561
1904, 2, 9, 35.6888, 854.5953
1905, 2, 10, 33.9446, 878.8883
1906, 2, 11, 25.1491, 712.4439
1907, 2, 12, 25.6807, 906.7891
1908, 2, 13, 36.254, 840.1307
1909, 2, 14, 42.1094, 870.1755
1910, 2, 15, 40.7372, 754.8925
1911, 2, 16, 45.3591, 792.2374
1912, 2, 17, 51.2186, 796.1702
1913, 2, 18, 50.1922, 806.067
1914, 2, 19, 46.4275, 814.7979
1915, 2, 20, 50.4752, 819.1537
1916, 2, 21, 55.3344, 787.5618
1917, 2, 22, 53.6086, 828.3716
1918, 2, 23, 52.577, 724.4244
1919, 3, 0, 54.8129, 702.5764
1920, 3, 1, 57.4626, 664.4424
1921, 3, 2, 45.5775, 709.8811
1922, 3, 3, 42.8541, 652.4237
1923, 3, 4, 50.6646, 463.9877
1924, 3, 5, 51.6436, 673.5979
1925, 3, 6, 54.7112, 598.7943
1926, 3, 7, 53.5027, 808.5768
1927, 3, 8, 59.2099, 743.8025
1928, 3, 9, 52.067, 786.1918
1929, 3, 10, 50.8401, 815.9066
1930, 3, 11, 50.0138, 868.7546
1931, 3, 12, 42.394, 821.484
1932, 3, 13, 47.0309, 907.5899
1933, 3, 14, 45.4498, 844.5283
1934, 3, 15, 49.6672, 817.326
1935, 3, 16, 50.0654, 917.3867
1936, 3, 17, 51.4493, 883.0759
1937, 3, 18, 47.3483, 885.2281
1938, 3, 19, 45.8099, 878.9913
1939, 3, 20, 44.2905, 908.3414
1940, 3, 21, 51.3307, 875.268
1941, 3, 22, 48.8968, 878.419
1942, 3, 23, 56.7998, 762.9841
1943, 4, 0, 63.584, 717.4687
1944, 4, 1, 55.4887, 593.3563
1945, 4, 2, 58.5624, 639.3222
1946, 4, 3, 51.2709, 780.0926
1947, 4, 4, 58.9101, 692.504
1948, 4, 5, 53.0548, 697.5838
1949, 4, 6, 55.1292, 739.2916
1950, 4, 7, 53.371, 812.9109
1951, 4, 8, 58.4878, 936.6726
1952, 4, 9, 52.8315, 806.3163
1953, 4, 10, 41.3538, 996.4919
1954, 4, 11, 50.6403, 835.492
1955, 4, 12, 51.7844, 884.9261
1956, 4, 13, 51.6424, 853.8813
1957, 4, 14, 57.1525, 918.3619
1958, 4, 15, 52.6344, 962.9235
1959, 4, 16, 60.2555, 914.1994
1960, 4, 17, 59.372, 920.7612
1961, 4, 18, 52.7098, 980.2784
1962, 4, 19, 63.0636, 866.4803
1963, 4, 20, 58.4395, 897.7899
1964, 4, 21, 48.491, 830.1215
1965, 4, 22, 59.7506, 833.2775
1966, 4, 23, 53.4564, 750.473
1967, 5, 0, 78.4463, 722.6045
1968, 5, 1, 61.732, 623.61
1969, 5, 2, 69.8104, 696.8147
1970, 5, 3, 57.1302, 695.5355
1971, 5, 4, 51.7705, 756.7654
1972, 5, 5, 59.9842, 720.8972
1973, 5, 6, 56.6149, 794.5951
1974, 5, 7, 55.127, 799.8606
1975, 5, 8, 56.9582, 854.5134
1976, 5, 9, 52.3829, 956.8294
1977, 5, 10, 35.3646, 900.595
1978, 5, 11, 38.7914, 985.946
1979, 5, 12, 33.9708, 883.3049
1980, 5, 13, 24.9507, 911.9757
1981, 5, 14, 42.5398, 985.7611
1982, 5, 15, 44.19, 933.9139
1983, 5, 16, 47.6257, 886.5097
1984, 5, 17, 58.6465, 943.9791
1985, 5, 18, 55.6587, 910.2553
1986, 5, 19, 59.6659, 832.2142
1987, 5, 20, 54.9025, 914.3652
1988, 5, 21, 53.9544, 910.3284
1989, 5, 22, 47.651, 866.7654
1990, 5, 23, 46.7566, 705.4639
1991, 6, 0, 60.8991, 697.0449
1992, 6, 1, 48.672, 665.6624
1993, 6, 2, 50.8711, 670.5324
1994, 6, 3, 61.7764, 590.4298
1995, 6, 4, 54.7756, 682.1691
1996, 6, 5, 63.1537, 681.3027
1997, 6, 6, 58.6967, 651.0247
1998, 6, 7, 67.7929, 759.911
1999, 6, 8, 51.6046, 719.7459
2000, 6, 9, 28.2798, 796.2834
2001, 6, 10, 23.9432, 821.5842
2002, 6, 11, 14.9024, 903.526
2003, 6, 12, 22.401, 800.1965
2004, 6, 13, 17.4265, 943.8415
2005, 6, 14, 18.2961, 773.8386
2006, 6, 15, 22.5533, 923.3903
2007, 6, 16, 34.8447, 906.7927
2008, 6, 17, 41.1148, 776.4577
2009, 6, 18, 51.9331, 810.8414
2010, 6, 19, 54.0582, 830.0127
2011, 6, 20, 48.5592, 793.4568
2012, 6, 21, 50.0426, 842.4378
2013, 6, 22, 47.2543, 814.4646
2014, 6, 23, 47.0493, 730.3473
2015, 7, 0, 60.3195, 737.4112
2016, 7, 1, 54.5859, 571.3392
2017, 7, 2, 62.7416, 633.0387
2018, 7, 3, 58.6294, 489.8282
2019, 7, 4, 54.4221, 579.0108
2020, 7, 5, 54.9281, 455.4191
2021, 7, 6, 56.3541, 683.4379
2022, 7, 7, 49.8872, 787.3642
2023, 7, 8, 47.78, 794.8135
